Packer,Plant,Settlement_ID,Scale_Ticket_ID,Kill_Date,Delivery_Date,Producer,Site,Tattoo,Load_ID,Contract_Type,Expected_Head,Delivered_Head,Paid_Head,Live_Weight_Total_lb,Avg_Live_Wt_lb,Avg_Carc_Wt_lb,Avg_Yield_pct,Base_Price_CWT,Matrix_Premium_CWT,VOB_CWT,Sort_Loss_CWT,Eval_Price_CWT,Carcass_Total_Weight_lb,Gross_Payment_$,Freight_Carrier,Freight_Amount_$,Checkoff_$,Yardage_$,Other_Deductions_$,Total_Deductions_$,Net_Payment_$,Payment_Date,Comments
JBS,"Sioux Falls, SD",SET-20250103-1455720,1455720,1/3/2025,1/2/2025,Demo Producer C,Summer Creek,4574,LD-19458,LEAN,177,177,177,55116,311.39,230.98,74.18,91.89,-0.93,1.43,-0.73,91.66,40883,37473.36,BUSMA TRUCKING,625,70.8,26.55,24.6,746.95,36726.41,1/13/2025,Dummy packer settlement data for student testing
JBS,"Storm Lake, IA",SET-20250103-1554286,1554286,1/3/2025,1/3/2025,Demo Producer B,Summer Creek,1505,LD-86318,NEGOTIATED,168,163,162,47275,290.03,218.58,75.36,88.31,3.5,0.68,-0.5,91.99,35410,32573.66,Dakota Hauling,650,64.8,24.3,10.87,749.97,31823.69,1/8/2025,Dummy packer settlement data for student testing
JBS,"Worthington, MN",SET-20250103-1711205,1711205,1/3/2025,1/2/2025,Demo Producer B,Summer Creek,8509,LD-25376,LEAN,183,182,182,47826,262.78,190.51,72.5,83.1,0.39,1.94,-0.92,84.51,34673,29302.15,Dakota Hauling,625,72.8,27.3,62.3,787.4,28514.75,1/12/2025,Dummy packer settlement data for student testing
Seaboard,"Sioux Falls, SD",SET-20250103-1932501,1932501,1/3/2025,1/2/2025,Demo Producer A,Warbler Site,6983,LD-47163,CARCASS,161,165,164,50130,303.82,224.46,73.88,88.62,4.23,2.89,-0.36,95.38,36811,35110.33,Tri-State Livestock,675,65.6,24.6,90.54,855.74,34254.59,1/13/2025,Dummy packer settlement data for student testing
Tyson (IBP),"Worthington, MN",SET-20250103-1232317,1232317,1/3/2025,1/2/2025,Demo Producer A,Warbler Site,9217,LD-76573,LEAN,172,172,171,48069,279.47,201.45,72.08,80.73,0.91,1.76,-1.49,81.91,34448,28216.36,Prairie Transport,700,68.4,25.65,89.57,883.62,27332.74,1/10/2025,Dummy packer settlement data for student testing
JBS,"Storm Lake, IA",SET-20250110-1509516,1509516,1/10/2025,1/10/2025,Demo Producer C,Summer Creek,9153,LD-21777,NEGOTIATED,185,182,180,45209,248.4,179.51,72.27,91.05,1.99,1.11,-0.98,93.17,32312,30105.09,Prairie Transport,625,72,27,33,757,29348.09,1/17/2025,Dummy packer settlement data for student testing
JBS,"Storm Lake, IA",SET-20250110-1967920,1967920,1/10/2025,1/10/2025,Demo Producer A,Summer Creek,4169,LD-88749,NEGOTIATED,185,188,186,49383,262.68,201.54,76.72,88.77,1.51,1.53,-0.61,91.2,37486,34187.23,BUSMA TRUCKING,650,74.4,27.9,58.25,810.55,33376.68,1/21/2025,Dummy packer settlement data for student testing
JBS,"Worthington, MN",SET-20250110-1374627,1374627,1/10/2025,1/9/2025,Demo Producer A,Warbler Site,5892,LD-24833,LEAN,185,181,180,52511,290.12,217.03,74.81,80.08,-0.35,2.78,-0.61,81.9,39065,31994.24,BUSMA TRUCKING,625,72,27,22.37,746.37,31247.87,1/16/2025,Dummy packer settlement data for student testing
Seaboard,"Sioux Falls, SD",SET-20250110-1497491,1497491,1/10/2025,1/9/2025,Demo Producer C,Warbler Site,1352,LD-74602,LEAN,184,183,182,50888,278.08,211.6,76.09,84.26,0.3,0.36,-0.75,84.17,38511,32414.71,Tri-State Livestock,725,72.8,27.3,39.88,864.98,31549.73,1/18/2025,Dummy packer settlement data for student testing
Smithfield,"Storm Lake, IA",SET-20250110-1948052,1948052,1/10/2025,1/10/2025,Demo Producer B,Summer Creek,7402,LD-91401,CARCASS,171,165,163,49969,302.84,232.7,76.84,85.48,-1.73,1.16,-0.13,84.78,37930,32157.05,Prairie Transport,675,65.2,24.45,71.8,836.45,31320.6,1/17/2025,Dummy packer settlement data for student testing
Smithfield,"Storm Lake, IA",SET-20250110-1632316,1632316,1/10/2025,1/10/2025,Demo Producer B,Summer Creek,7955,LD-90376,LEAN,184,179,179,50130,280.06,211.07,75.37,80.44,1.28,1.2,-1.26,81.66,37782,30852.78,Prairie Transport,700,71.6,26.85,99.97,898.42,29954.36,1/21/2025,Dummy packer settlement data for student testing
Tyson (IBP),"Storm Lake, IA",SET-20250110-1981728,1981728,1/10/2025,1/10/2025,Demo Producer B,Summer Creek,1385,LD-60075,NEGOTIATED,169,167,165,47056,281.77,204.53,72.59,83.77,1.1,2.85,-0.21,87.51,33747,29532,Tri-State Livestock,700,66,24.75,21.07,811.82,28720.18,1/15/2025,Dummy packer settlement data for student testing
Seaboard,"Sioux Falls, SD",SET-20250117-1330885,1330885,1/17/2025,1/16/2025,Demo Producer B,Summer Creek,1014,LD-92375,CARCASS,173,175,173,45822,261.84,195.56,74.69,90.32,-0.69,0.47,-0.7,89.4,33832,30245.81,Dakota Hauling,650,69.2,25.95,137.78,882.93,29362.88,1/27/2025,Dummy packer settlement data for student testing
Smithfield,"Storm Lake, IA",SET-20250117-1803165,1803165,1/17/2025,1/16/2025,Demo Producer A,Warbler Site,6349,LD-53904,CARCASS,163,168,166,47767,284.33,217.05,76.34,82.8,2.71,0.98,-1.05,85.44,36030,30784.03,Prairie Transport,650,66.4,24.9,13.34,754.64,30029.39,1/24/2025,Dummy packer settlement data for student testing
Tyson (IBP),"Sioux Falls, SD",SET-20250117-1320057,1320057,1/17/2025,1/16/2025,Demo Producer B,Riverside,5681,LD-36958,NEGOTIATED,174,168,167,52724,313.83,236.6,75.39,81.88,4.25,1.91,-1.48,86.56,39512,34201.59,Prairie Transport,675,66.8,25.05,81.34,848.19,33353.4,1/27/2025,Dummy packer settlement data for student testing
Tyson (IBP),"Sioux Falls, SD",SET-20250117-1294705,1294705,1/17/2025,1/17/2025,Demo Producer C,Summer Creek,3332,LD-41006,CARCASS,162,157,157,55860,355.8,264.37,74.3,80.7,-0.92,1.31,-0.17,80.92,41506,33586.66,Prairie Transport,650,62.8,23.55,83.38,819.73,32766.93,1/27/2025,Dummy packer settlement data for student testing
JBS,"Waterloo, IA",SET-20250124-1974668,1974668,1/24/2025,1/24/2025,Demo Producer A,Summer Creek,8283,LD-40596,CARCASS,187,190,189,48489,255.21,186.16,72.94,93.42,2.26,2.65,-0.85,97.48,35184,34297.36,Tri-State Livestock,625,75.6,28.35,91.57,820.52,33476.84,2/2/2025,Dummy packer settlement data for student testing
Seaboard,"Sioux Falls, SD",SET-20250124-1249302,1249302,1/24/2025,1/23/2025,Demo Producer A,Summer Creek,9381,LD-48470,LEAN,182,180,180,55691,309.39,225.17,72.78,80.71,0.31,2.06,-1.1,81.98,40531,33227.31,Dakota Hauling,725,72,27,35.02,859.02,32368.29,1/31/2025,Dummy packer settlement data for student testing
Tyson (IBP),"Sioux Falls, SD",SET-20250124-1400484,1400484,1/24/2025,1/23/2025,Demo Producer A,Riverside,4418,LD-97494,CARCASS,163,162,161,49126,303.25,228.3,75.28,84.9,-1.38,0.35,-0.21,83.66,36756,30750.07,BUSMA TRUCKING,725,64.4,24.15,64.75,878.3,29871.77,2/3/2025,Dummy packer settlement data for student testing
Tyson (IBP),"Storm Lake, IA",SET-20250124-1472244,1472244,1/24/2025,1/23/2025,Demo Producer A,Hejlik Finisher/Nursery Site,9598,LD-14288,NEGOTIATED,178,179,178,50614,282.76,215.28,76.14,83.76,2.48,2.71,-0.63,88.32,38320,33844.22,Tri-State Livestock,625,71.2,26.7,146.94,869.84,32974.38,1/31/2025,Dummy packer settlement data for student testing
Seaboard,"Worthington, MN",SET-20250131-1743486,1743486,1/31/2025,1/30/2025,Demo Producer A,Hejlik Finisher/Nursery Site,5270,LD-24937,LEAN,188,194,194,54247,279.62,210.35,75.23,82.79,3.85,2.25,-0.87,88.02,40808,35919.2,Prairie Transport,675,77.6,29.1,1.32,783.02,35136.18,2/6/2025,Dummy packer settlement data for student testing
Tyson (IBP),"Sioux Falls, SD",SET-20250131-1716382,1716382,1/31/2025,1/31/2025,Demo Producer B,Hejlik Finisher/Nursery Site,1058,LD-27263,CARCASS,160,159,158,49478,311.18,236.74,76.08,85.21,1.86,1.29,-1.32,87.04,37405,32557.31,BUSMA TRUCKING,650,63.2,23.7,72.15,809.05,31748.26,2/7/2025,Dummy packer settlement data for student testing
JBS,"Storm Lake, IA",SET-20250207-1983933,1983933,2/7/2025,2/6/2025,Demo Producer B,Summer Creek,9317,LD-63756,NEGOTIATED,170,175,173,45496,259.98,195.64,75.25,82.3,2.04,0.34,-0.16,84.52,33846,28606.64,Dakota Hauling,625,69.2,25.95,7.9,728.05,27878.59,2/12/2025,Dummy packer settlement data for student testing
Seaboard,"Worthington, MN",SET-20250207-1499079,1499079,2/7/2025,2/7/2025,Demo Producer B,Warbler Site,6401,LD-66012,LEAN,180,184,184,49526,269.16,200.06,74.33,84.46,3.78,1.13,-1.43,87.94,36811,32371.59,BUSMA TRUCKING,675,73.6,27.6,54.95,831.15,31540.44,2/13/2025,Dummy packer settlement data for student testing
Seaboard,"Waterloo, IA",SET-20250214-1756645,1756645,2/14/2025,2/13/2025,Demo Producer A,Summer Creek,1523,LD-42660,LEAN,174,175,174,47512,271.5,205.64,75.74,87.75,-1.54,0.36,-1.45,85.12,35781,30456.79,Tri-State Livestock,725,69.6,26.1,19.58,840.28,29616.51,2/19/2025,Dummy packer settlement data for student testing
Smithfield,"Sioux Falls, SD",SET-20250214-1949212,1949212,2/14/2025,2/14/2025,Demo Producer C,Summer Creek,1306,LD-81851,CARCASS,175,176,176,54258,308.28,225.19,73.05,84.91,1.35,1.77,-1.27,86.76,39633,34385.59,Dakota Hauling,625,70.4,26.4,85.81,807.61,33577.98,2/19/2025,Dummy packer settlement data for student testing
Seaboard,"Storm Lake, IA",SET-20250221-1618503,1618503,2/21/2025,2/21/2025,Demo Producer C,Hejlik Finisher/Nursery Site,7244,LD-84726,CARCASS,172,177,175,50482,285.21,209.75,73.54,90.78,4.12,0.44,-0.21,95.13,36706,34918.42,Prairie Transport,625,70,26.25,11.19,732.44,34185.98,3/3/2025,Dummy packer settlement data for student testing
JBS,"Waterloo, IA",SET-20250228-1303309,1303309,2/28/2025,2/27/2025,Demo Producer B,Riverside,2176,LD-65432,NEGOTIATED,188,182,180,53529,294.12,224.86,76.45,83.05,-0.46,1.64,-0.43,83.8,40475,33918.05,Dakota Hauling,675,72,27,49.19,823.19,33094.86,3/9/2025,Dummy packer settlement data for student testing
Seaboard,"Waterloo, IA",SET-20250228-1669798,1669798,2/28/2025,2/28/2025,Demo Producer C,Summer Creek,2805,LD-33812,LEAN,172,167,167,55151,330.25,242.92,73.56,91.46,4.41,2.5,-0.31,98.06,40568,39780.98,Tri-State Livestock,725,66.8,25.05,48.43,865.28,38915.7,3/7/2025,Dummy packer settlement data for student testing
Tyson (IBP),"Worthington, MN",SET-20250228-1575894,1575894,2/28/2025,2/28/2025,Demo Producer A,Hejlik Finisher/Nursery Site,4568,LD-17456,NEGOTIATED,174,179,179,52571,293.69,216.97,73.88,88.16,-1.11,0.06,-1.35,85.76,38838,33307.47,Tri-State Livestock,675,71.6,26.85,149.11,922.56,32384.91,3/11/2025,Dummy packer settlement data for student testing
Tyson (IBP),"Sioux Falls, SD",SET-20250307-1457719,1457719,3/7/2025,3/6/2025,Demo Producer C,Hejlik Finisher/Nursery Site,8643,LD-83982,LEAN,177,176,174,52906,300.6,217.77,72.45,90.86,0.28,0.41,-1.17,90.38,37892,34246.79,Tri-State Livestock,675,69.6,26.1,121.45,892.15,33354.64,3/15/2025,Dummy packer settlement data for student testing
Tyson (IBP),"Worthington, MN",SET-20250307-1416510,1416510,3/7/2025,3/6/2025,Demo Producer B,Warbler Site,5020,LD-63478,LEAN,173,176,176,50961,289.55,215.93,74.57,84.52,-2.19,0.19,-1.41,81.11,38004,30825.04,Prairie Transport,700,70.4,26.4,141.75,938.55,29886.49,3/17/2025,Dummy packer settlement data for student testing
Seaboard,"Sioux Falls, SD",SET-20250314-1997768,1997768,3/14/2025,3/14/2025,Demo Producer B,Riverside,4584,LD-45042,NEGOTIATED,188,191,191,50681,265.35,196.24,73.96,93.63,-0.85,2.1,-1.15,93.73,37482,35131.88,BUSMA TRUCKING,650,76.4,28.65,7.17,762.22,34369.66,3/20/2025,Dummy packer settlement data for student testing
Seaboard,"Storm Lake, IA",SET-20250314-1829325,1829325,3/14/2025,3/14/2025,Demo Producer B,Summer Creek,4382,LD-40581,NEGOTIATED,164,169,167,54264,321.09,232.83,72.51,86.5,0.51,1.58,-0.09,88.5,38883,34411.46,Prairie Transport,625,66.8,25.05,10.21,727.06,33684.4,3/25/2025,Dummy packer settlement data for student testing
Seaboard,"Worthington, MN",SET-20250314-1347584,1347584,3/14/2025,3/13/2025,Demo Producer A,Hejlik Finisher/Nursery Site,8325,LD-30341,LEAN,186,185,184,54673,295.53,224.96,76.12,94.97,-1.36,0.31,-0.5,93.42,41393,38669.34,Tri-State Livestock,700,73.6,27.6,75.73,876.93,37792.41,3/23/2025,Dummy packer settlement data for student testing
Tyson (IBP),"Sioux Falls, SD",SET-20250314-1417695,1417695,3/14/2025,3/14/2025,Demo Producer B,Riverside,5630,LD-19426,LEAN,179,174,174,47601,273.57,209.1,76.43,87.81,2.9,2.25,-0.01,92.95,36383,33818,Tri-State Livestock,725,69.6,26.1,116.16,936.86,32881.14,3/19/2025,Dummy packer settlement data for student testing
Tyson (IBP),"Sioux Falls, SD",SET-20250314-1907012,1907012,3/14/2025,3/13/2025,Demo Producer C,Riverside,8878,LD-86126,LEAN,164,162,162,49157,303.44,223.17,73.55,87.87,2.22,1.21,-1.22,90.08,36154,32567.52,Dakota Hauling,650,64.8,24.3,127.33,866.43,31701.09,3/25/2025,Dummy packer settlement data for student testing
JBS,"Worthington, MN",SET-20250321-1531892,1531892,3/21/2025,3/21/2025,Demo Producer B,Hejlik Finisher/Nursery Site,5263,LD-82870,LEAN,163,161,161,52699,327.32,238.73,72.93,93.22,-0.12,1.06,-0.59,93.57,38436,35964.57,BUSMA TRUCKING,650,64.4,24.15,66.5,805.05,35159.52,3/28/2025,Dummy packer settlement data for student testing
Seaboard,"Sioux Falls, SD",SET-20250321-1878067,1878067,3/21/2025,3/20/2025,Demo Producer A,Summer Creek,1832,LD-26928,CARCASS,166,165,164,51358,311.26,225.21,72.35,82.55,3.91,1.26,-0.2,87.52,36934,32324.64,Dakota Hauling,625,65.6,24.6,59.81,775.01,31549.63,3/27/2025,Dummy packer settlement data for student testing
Seaboard,"Waterloo, IA",SET-20250321-1219973,1219973,3/21/2025,3/20/2025,Demo Producer A,Riverside,6491,LD-17474,LEAN,179,177,176,54326,306.93,236.28,76.98,88.44,3.53,1.1,-1.07,92,41585,38258.2,Dakota Hauling,725,70.4,26.4,33.43,855.23,37402.97,3/29/2025,Dummy packer settlement data for student testing
JBS,"Storm Lake, IA",SET-20250328-1471436,1471436,3/28/2025,3/28/2025,Demo Producer B,Riverside,4949,LD-25402,LEAN,166,171,169,45575,266.52,199.71,74.93,82.79,3.19,1.74,-0.83,86.89,33751,29326.24,Dakota Hauling,625,67.6,25.35,81.64,799.59,28526.65,4/2/2025,Dummy packer settlement data for student testing
JBS,"Worthington, MN",SET-20250328-1718312,1718312,3/28/2025,3/28/2025,Demo Producer B,Riverside,8893,LD-19717,NEGOTIATED,178,175,175,51391,293.66,212.85,72.48,80.11,-0.36,1.27,-0.63,80.39,37249,29944.47,Dakota Hauling,725,70,26.25,99.06,920.31,29024.16,4/5/2025,Dummy packer settlement data for student testing
Seaboard,"Worthington, MN",SET-20250328-1406955,1406955,3/28/2025,3/27/2025,Demo Producer A,Warbler Site,8913,LD-24770,CARCASS,174,180,180,47044,261.36,188.87,72.26,84.63,1.65,0.71,-0.05,86.94,33997,29556.99,BUSMA TRUCKING,700,72,27,67.19,866.19,28690.8,4/6/2025,Dummy packer settlement data for student testing
Tyson (IBP),"Storm Lake, IA",SET-20250328-1955823,1955823,3/28/2025,3/27/2025,Demo Producer C,Riverside,4336,LD-17732,NEGOTIATED,173,167,167,52701,315.57,230.77,73.13,83.91,2.63,1.58,-0.21,87.91,38539,33879.63,BUSMA TRUCKING,625,66.8,25.05,7.73,724.58,33155.05,4/3/2025,Dummy packer settlement data for student testing
JBS,"Waterloo, IA",SET-20250404-1575325,1575325,4/4/2025,4/3/2025,Demo Producer B,Riverside,8502,LD-97127,NEGOTIATED,178,175,175,55285,315.91,235.47,74.54,80.73,-0.2,2.8,-1.07,82.26,41207,33896.88,Dakota Hauling,625,70,26.25,77.99,799.24,33097.64,4/10/2025,Dummy packer settlement data for student testing
Seaboard,"Waterloo, IA",SET-20250404-1995210,1995210,4/4/2025,4/4/2025,Demo Producer A,Riverside,7345,LD-42549,NEGOTIATED,178,172,170,53046,308.41,222.53,72.15,85.59,-0.47,2.55,-1.14,86.53,37830,32734.3,Tri-State Livestock,675,68,25.5,23.57,792.07,31942.23,4/10/2025,Dummy packer settlement data for student testing
Seaboard,"Sioux Falls, SD",SET-20250411-1684483,1684483,4/11/2025,4/11/2025,Demo Producer C,Riverside,7299,LD-44657,LEAN,172,166,165,45967,276.91,202.33,73.07,84.66,1.88,2.57,-0.82,88.29,33384,29474.73,Dakota Hauling,725,66,24.75,29.08,844.83,28629.9,4/22/2025,Dummy packer settlement data for student testing
Smithfield,"Sioux Falls, SD",SET-20250411-1929607,1929607,4/11/2025,4/10/2025,Demo Producer A,Warbler Site,2029,LD-65599,LEAN,186,190,189,50995,268.39,195.67,72.91,83.59,1.05,0.45,-1.33,83.76,36982,30976.12,Tri-State Livestock,650,75.6,28.35,0.25,754.2,30221.92,4/19/2025,Dummy packer settlement data for student testing
Tyson (IBP),"Sioux Falls, SD",SET-20250411-1471130,1471130,4/11/2025,4/11/2025,Demo Producer A,Warbler Site,1973,LD-10505,CARCASS,171,166,165,48941,294.83,220.15,74.67,84.66,3.74,1.27,-0.68,88.99,36325,32325.62,Dakota Hauling,725,66,24.75,95.32,911.07,31414.55,4/16/2025,Dummy packer settlement data for student testing
Tyson (IBP),"Worthington, MN",SET-20250411-1227087,1227087,4/11/2025,4/11/2025,Demo Producer A,Summer Creek,7948,LD-31749,LEAN,168,163,162,51233,314.31,235.17,74.82,81.68,-1,0.22,-1.33,79.57,38098,30314.58,BUSMA TRUCKING,650,64.8,24.3,86.72,825.82,29488.76,4/22/2025,Dummy packer settlement data for student testing
JBS,"Storm Lake, IA",SET-20250418-1609373,1609373,4/18/2025,4/18/2025,Demo Producer B,Summer Creek,9758,LD-75979,NEGOTIATED,172,177,176,51122,288.82,213.69,73.99,91.79,4.16,0.77,-0.72,96,37609,36104.64,Dakota Hauling,675,70.4,26.4,78.36,850.16,35254.48,4/27/2025,Dummy packer settlement data for student testing
JBS,"Waterloo, IA",SET-20250418-1494698,1494698,4/18/2025,4/18/2025,Demo Producer C,Warbler Site,5405,LD-23788,CARCASS,183,188,187,51888,276,202.06,73.21,85.77,3.46,2.41,-0.33,91.31,37785,34501.48,Dakota Hauling,725,74.8,28.05,112.02,939.87,33561.61,4/27/2025,Dummy packer settlement data for student testing
Smithfield,"Sioux Falls, SD",SET-20250418-1323085,1323085,4/18/2025,4/17/2025,Demo Producer C,Riverside,3640,LD-33660,LEAN,181,177,175,54774,309.46,228.02,73.68,80.51,0.18,2.1,-0.84,81.95,39904,32701.33,Dakota Hauling,650,70,26.25,93.87,840.12,31861.21,4/24/2025,Dummy packer settlement data for student testing
Smithfield,"Waterloo, IA",SET-20250418-1834016,1834016,4/18/2025,4/18/2025,Demo Producer B,Hejlik Finisher/Nursery Site,8152,LD-82294,NEGOTIATED,185,186,186,54440,292.69,223.2,76.26,89.27,2.16,2.52,-0.92,93.03,41515,38621.4,Dakota Hauling,625,74.4,27.9,18.66,745.96,37875.44,4/29/2025,Dummy packer settlement data for student testing
Smithfield,"Waterloo, IA",SET-20250418-1320871,1320871,4/18/2025,4/18/2025,Demo Producer B,Riverside,6772,LD-40465,NEGOTIATED,189,184,184,55062,299.25,228.43,76.33,84.09,1.5,2.04,-0.38,87.25,42031,36672.05,Dakota Hauling,675,73.6,27.6,11.91,788.11,35883.94,4/28/2025,Dummy packer settlement data for student testing
Smithfield,"Worthington, MN",SET-20250418-1880621,1880621,4/18/2025,4/17/2025,Demo Producer B,Summer Creek,3809,LD-83691,NEGOTIATED,168,163,161,46865,287.52,218.37,75.95,92.9,-0.37,1.36,-0.57,93.32,35158,32809.45,BUSMA TRUCKING,625,64.4,24.15,121.85,835.4,31974.05,4/27/2025,Dummy packer settlement data for student testing
JBS,"Waterloo, IA",SET-20250425-1883282,1883282,4/25/2025,4/25/2025,Demo Producer C,Summer Creek,7055,LD-48333,NEGOTIATED,163,165,163,55614,337.05,248.6,73.76,82.88,0.06,1.27,-1.11,83.1,40522,33673.78,BUSMA TRUCKING,675,65.2,24.45,113.89,878.54,32795.24,5/4/2025,Dummy packer settlement data for student testing
Seaboard,"Worthington, MN",SET-20250425-1713449,1713449,4/25/2025,4/24/2025,Demo Producer C,Hejlik Finisher/Nursery Site,5576,LD-36540,CARCASS,172,168,167,54216,322.71,239.32,74.16,88.78,1.31,2.99,-0.93,92.15,39966,36828.67,BUSMA TRUCKING,675,66.8,25.05,34.38,801.23,36027.44,4/30/2025,Dummy packer settlement data for student testing
Smithfield,"Waterloo, IA",SET-20250425-1818373,1818373,4/25/2025,4/24/2025,Demo Producer A,Summer Creek,8903,LD-69816,CARCASS,163,169,167,52217,308.98,236.14,76.43,90.45,-1.37,0.46,-1.41,88.13,39435,34754.07,BUSMA TRUCKING,675,66.8,25.05,17.93,784.78,33969.29,5/2/2025,Dummy packer settlement data for student testing
Smithfield,"Worthington, MN",SET-20250425-1910656,1910656,4/25/2025,4/24/2025,Demo Producer B,Warbler Site,1320,LD-12088,LEAN,187,185,183,54670,295.51,219.62,74.32,86.98,3.86,1.86,-0.99,91.71,40190,36858.25,BUSMA TRUCKING,700,73.2,27.45,2.53,803.18,36055.07,5/4/2025,Dummy packer settlement data for student testing
Tyson (IBP),"Storm Lake, IA",SET-20250425-1727101,1727101,4/25/2025,4/24/2025,Demo Producer C,Warbler Site,4097,LD-47208,CARCASS,171,175,174,54467,311.24,236.84,76.1,84.85,-1.13,1.65,-0.58,84.79,41210,34941.96,Dakota Hauling,700,69.6,26.1,106.16,901.86,34040.1,5/6/2025,Dummy packer settlement data for student testing
JBS,"Worthington, MN",SET-20250502-1581061,1581061,5/2/2025,5/2/2025,Demo Producer C,Summer Creek,7587,LD-99560,CARCASS,184,179,177,54616,305.12,230.42,75.52,92.18,1.97,0.13,-0.38,93.9,40784,38296.18,Dakota Hauling,650,70.8,26.55,45.28,792.63,37503.55,5/9/2025,Dummy packer settlement data for student testing
Seaboard,"Sioux Falls, SD",SET-20250502-1977426,1977426,5/2/2025,5/2/2025,Demo Producer A,Summer Creek,3602,LD-25040,NEGOTIATED,177,172,171,47111,273.9,207.03,75.59,89.24,1.44,1.82,-0.57,91.93,35402,32545.06,Prairie Transport,675,68.4,25.65,53.4,822.45,31722.61,5/9/2025,Dummy packer settlement data for student testing
Seaboard,"Waterloo, IA",SET-20250502-1661014,1661014,5/2/2025,5/1/2025,Demo Producer B,Riverside,1268,LD-31035,NEGOTIATED,172,174,173,45429,261.09,199.3,76.33,83.86,4.38,1.07,-0.32,88.99,34479,30682.86,Dakota Hauling,675,69.2,25.95,44.14,814.29,29868.57,5/10/2025,Dummy packer settlement data for student testing
Seaboard,"Storm Lake, IA",SET-20250509-1519436,1519436,5/9/2025,5/8/2025,Demo Producer C,Hejlik Finisher/Nursery Site,8970,LD-94523,NEGOTIATED,162,162,160,52088,321.53,244.13,75.93,81.43,3.35,1.76,-0.25,86.29,39061,33705.74,BUSMA TRUCKING,650,64,24,2.35,740.35,32965.39,5/15/2025,Dummy packer settlement data for student testing
Seaboard,"Waterloo, IA",SET-20250516-1982854,1982854,5/16/2025,5/16/2025,Demo Producer B,Riverside,4697,LD-61254,CARCASS,161,159,158,49931,314.03,237.05,75.49,86.9,-1.58,1.54,-1.4,85.46,37454,32008.19,Dakota Hauling,625,63.2,23.7,68.71,780.61,31227.58,5/22/2025,Dummy packer settlement data for student testing
JBS,"Storm Lake, IA",SET-20250523-1673812,1673812,5/23/2025,5/23/2025,Demo Producer C,Warbler Site,6458,LD-11972,NEGOTIATED,187,189,188,49713,263.03,196.03,74.53,86.14,3.93,1.92,-0.14,91.85,36854,33850.4,BUSMA TRUCKING,675,75.2,28.2,24.14,802.54,33047.86,5/29/2025,Dummy packer settlement data for student testing
Smithfield,"Storm Lake, IA",SET-20250523-1628803,1628803,5/23/2025,5/22/2025,Demo Producer C,Summer Creek,2063,LD-63958,CARCASS,167,167,166,54754,327.87,243.79,74.36,84.59,2.28,0.74,-1.25,86.36,40469,34949.03,Prairie Transport,700,66.4,24.9,64.97,856.27,34092.76,5/28/2025,Dummy packer settlement data for student testing
Tyson (IBP),"Waterloo, IA",SET-20250523-1638817,1638817,5/23/2025,5/23/2025,Demo Producer A,Riverside,4211,LD-70379,CARCASS,189,190,189,51270,269.84,204.88,75.93,82.19,3.29,1.74,-1.07,86.15,38722,33359,Dakota Hauling,725,75.6,28.35,5.7,834.65,32524.35,5/28/2025,Dummy packer settlement data for student testing
Seaboard,"Waterloo, IA",SET-20250530-1251556,1251556,5/30/2025,5/29/2025,Demo Producer B,Warbler Site,1931,LD-57307,NEGOTIATED,164,161,160,50406,313.08,240.86,76.93,91.9,-0.1,0.9,-0.74,91.96,38538,35439.54,Tri-State Livestock,675,64,24,95.16,858.16,34581.38,6/4/2025,Dummy packer settlement data for student testing
Seaboard,"Waterloo, IA",SET-20250530-1361535,1361535,5/30/2025,5/30/2025,Demo Producer C,Summer Creek,3049,LD-12760,LEAN,170,166,164,48078,289.63,217.89,75.23,90.46,2.64,2.63,-0.88,94.85,35734,33893.7,BUSMA TRUCKING,675,65.6,24.6,39.05,804.25,33089.45,6/5/2025,Dummy packer settlement data for student testing
Tyson (IBP),"Waterloo, IA",SET-20250530-1409624,1409624,5/30/2025,5/30/2025,Demo Producer B,Summer Creek,2590,LD-92501,NEGOTIATED,185,187,185,48575,259.76,197.71,76.11,88.21,-1.19,0.86,-0.61,87.27,36576,31919.88,Prairie Transport,725,74,27.75,134.18,960.93,30958.95,6/4/2025,Dummy packer settlement data for student testing
Tyson (IBP),"Worthington, MN",SET-20250530-1872358,1872358,5/30/2025,5/30/2025,Demo Producer B,Riverside,7251,LD-87058,NEGOTIATED,164,164,164,54686,333.45,254.13,76.21,93.09,1.07,1.4,-0.15,95.41,41677,39764.03,Dakota Hauling,625,65.6,24.6,91.59,806.79,38957.24,6/6/2025,Dummy packer settlement data for student testing
JBS,"Waterloo, IA",SET-20250606-1364100,1364100,6/6/2025,6/5/2025,Demo Producer C,Warbler Site,4825,LD-11443,CARCASS,160,159,159,45001,283.03,214.55,75.8,89.38,3.71,0.64,-1.11,92.62,34113,31595.46,Tri-State Livestock,675,63.6,23.85,78.84,841.29,30754.17,6/15/2025,Dummy packer settlement data for student testing
JBS,"Sioux Falls, SD",SET-20250613-1960494,1960494,6/13/2025,6/13/2025,Demo Producer C,Hejlik Finisher/Nursery Site,8707,LD-26539,NEGOTIATED,185,184,183,53119,288.69,214.75,74.39,83.99,4.49,0.19,-0.63,88.04,39299,34598.84,Dakota Hauling,650,73.2,27.45,106.85,857.5,33741.34,6/20/2025,Dummy packer settlement data for student testing
Smithfield,"Waterloo, IA",SET-20250613-1294246,1294246,6/13/2025,6/13/2025,Demo Producer B,Hejlik Finisher/Nursery Site,9805,LD-48226,LEAN,167,166,164,51447,309.92,232.05,74.87,92.15,1.8,0.01,-1.39,92.57,38056,35228.44,Dakota Hauling,725,65.6,24.6,3.97,819.17,34409.27,6/19/2025,Dummy packer settlement data for student testing
Smithfield,"Storm Lake, IA",SET-20250620-1659074,1659074,6/20/2025,6/19/2025,Demo Producer C,Riverside,4889,LD-80303,CARCASS,184,179,177,45692,255.26,185.07,72.5,86.77,-0.85,1.64,-1.29,86.27,32757,28259.46,Tri-State Livestock,700,70.8,26.55,134.51,931.86,27327.6,6/27/2025,Dummy packer settlement data for student testing
Tyson (IBP),"Waterloo, IA",SET-20250620-1784734,1784734,6/20/2025,6/19/2025,Demo Producer B,Riverside,9791,LD-66970,LEAN,182,179,177,45734,255.5,196.65,76.97,89.9,0.49,2.36,-1.07,91.68,34807,31911.06,BUSMA TRUCKING,650,70.8,26.55,37.4,784.75,31126.31,7/1/2025,Dummy packer settlement data for student testing
Tyson (IBP),"Worthington, MN",SET-20250620-1429044,1429044,6/20/2025,6/19/2025,Demo Producer B,Hejlik Finisher/Nursery Site,7964,LD-50142,NEGOTIATED,176,180,179,54325,301.81,230.95,76.52,82.04,0.31,0.44,-0.87,81.92,41340,33865.73,Prairie Transport,650,71.6,26.85,93.22,841.67,33024.06,7/1/2025,Dummy packer settlement data for student testing
JBS,"Worthington, MN",SET-20250627-1576786,1576786,6/27/2025,6/27/2025,Demo Producer B,Hejlik Finisher/Nursery Site,3275,LD-98889,NEGOTIATED,170,169,169,48204,285.23,207.64,72.8,81.46,0.54,1.54,-0.07,83.47,35091,29290.46,Prairie Transport,700,67.6,25.35,143.45,936.4,28354.06,7/2/2025,Dummy packer settlement data for student testing
Seaboard,"Worthington, MN",SET-20250627-1743196,1743196,6/27/2025,6/27/2025,Demo Producer B,Warbler Site,7786,LD-22895,NEGOTIATED,182,185,185,45809,247.62,188.85,76.27,88.62,-1.58,2.33,-1.07,88.3,34937,30849.37,BUSMA TRUCKING,650,74,27.75,50.81,802.56,30046.81,7/7/2025,Dummy packer settlement data for student testing
Tyson (IBP),"Worthington, MN",SET-20250627-1252407,1252407,6/27/2025,6/26/2025,Demo Producer A,Warbler Site,4749,LD-35645,LEAN,186,191,189,47048,246.32,188.32,76.45,89.15,3.7,1.75,-0.34,94.26,35592,33549.02,Prairie Transport,725,75.6,28.35,81.29,910.24,32638.78,7/8/2025,Dummy packer settlement data for student testing
JBS,"Worthington, MN",SET-20250704-1645138,1645138,7/4/2025,7/4/2025,Demo Producer C,Riverside,5971,LD-18234,LEAN,188,182,181,51272,281.71,216.22,76.75,87.42,2.08,2.87,-0.1,92.27,39136,36110.79,BUSMA TRUCKING,700,72.4,27.15,55.59,855.14,35255.65,7/12/2025,Dummy packer settlement data for student testing
Seaboard,"Sioux Falls, SD",SET-20250704-1466521,1466521,7/4/2025,7/4/2025,Demo Producer A,Warbler Site,7009,LD-28843,LEAN,160,164,163,46933,286.18,209.67,73.27,91.42,1.27,0.27,-0.26,92.7,34176,31681.15,BUSMA TRUCKING,700,65.2,24.45,40.67,830.32,30850.83,7/14/2025,Dummy packer settlement data for student testing
Smithfield,"Worthington, MN",SET-20250704-1868331,1868331,7/4/2025,7/3/2025,Demo Producer B,Hejlik Finisher/Nursery Site,5163,LD-75327,NEGOTIATED,182,178,176,50317,282.68,209.43,74.09,94.95,-1.27,2.47,-0.14,96.01,36860,35389.29,Tri-State Livestock,675,70.4,26.4,32.09,803.89,34585.4,7/15/2025,Dummy packer settlement data for student testing
Tyson (IBP),"Sioux Falls, SD",SET-20250704-1331413,1331413,7/4/2025,7/4/2025,Demo Producer C,Hejlik Finisher/Nursery Site,5632,LD-13461,NEGOTIATED,165,161,160,47807,296.94,220.9,74.39,82.44,3.04,0.86,-1.25,85.09,35344,30074.21,Tri-State Livestock,725,64,24,31.94,844.94,29229.27,7/9/2025,Dummy packer settlement data for student testing
Seaboard,"Sioux Falls, SD",SET-20250711-1334963,1334963,7/11/2025,7/10/2025,Demo Producer A,Warbler Site,7970,LD-59042,LEAN,168,166,166,55677,335.4,244.45,72.88,90.88,-2.01,0.62,-0.9,88.59,40579,35948.94,Dakota Hauling,725,66.4,24.9,111.03,927.33,35021.61,7/18/2025,Dummy packer settlement data for student testing
Smithfield,"Worthington, MN",SET-20250711-1359298,1359298,7/11/2025,7/10/2025,Demo Producer A,Riverside,1501,LD-24335,NEGOTIATED,166,164,163,47618,290.35,210.75,72.58,85.91,-1.52,1.89,-0.96,85.32,34352,29309.13,Tri-State Livestock,700,65.2,24.45,1.65,791.3,28517.83,7/18/2025,Dummy packer settlement data for student testing
Tyson (IBP),"Sioux Falls, SD",SET-20250711-1241979,1241979,7/11/2025,7/11/2025,Demo Producer A,Summer Creek,4088,LD-11941,NEGOTIATED,189,192,192,49791,259.33,187.23,72.2,94.83,3.23,1.91,-0.36,99.61,35948,35807.8,BUSMA TRUCKING,700,76.8,28.8,121.55,927.15,34880.65,7/16/2025,Dummy packer settlement data for student testing
Tyson (IBP),"Waterloo, IA",SET-20250711-1859279,1859279,7/11/2025,7/10/2025,Demo Producer C,Hejlik Finisher/Nursery Site,8499,LD-72436,CARCASS,182,177,176,50958,287.9,216.85,75.32,88.51,0.5,2.42,-1.14,90.29,38166,34460.08,Tri-State Livestock,675,70.4,26.4,96.51,868.31,33591.77,7/17/2025,Dummy packer settlement data for student testing
Tyson (IBP),"Worthington, MN",SET-20250711-1993668,1993668,7/11/2025,7/11/2025,Demo Producer B,Warbler Site,5703,LD-90053,NEGOTIATED,174,180,180,48472,269.29,203.17,75.45,88.6,2.89,1.18,-0.06,92.61,36571,33868.4,BUSMA TRUCKING,650,72,27,137.81,886.81,32981.59,7/20/2025,Dummy packer settlement data for student testing
JBS,"Sioux Falls, SD",SET-20250718-1551595,1551595,7/18/2025,7/17/2025,Demo Producer C,Warbler Site,7193,LD-50426,LEAN,176,177,177,46519,262.82,197.24,75.05,93.09,-2.33,0.81,-1.08,90.49,34911,31590.96,Prairie Transport,625,70.8,26.55,136.61,858.96,30732,7/26/2025,Dummy packer settlement data for student testing
JBS,"Sioux Falls, SD",SET-20250718-1319806,1319806,7/18/2025,7/17/2025,Demo Producer A,Hejlik Finisher/Nursery Site,7355,LD-95050,LEAN,172,170,168,52597,309.39,237.57,76.79,87.31,3.46,1.86,-1.35,91.28,39912,36431.67,Dakota Hauling,700,67.2,25.2,121.18,913.58,35518.09,7/26/2025,Dummy packer settlement data for student testing
JBS,"Storm Lake, IA",SET-20250718-1583922,1583922,7/18/2025,7/18/2025,Demo Producer B,Riverside,3860,LD-11321,CARCASS,174,172,171,55243,321.18,246.16,76.64,86.93,-0.15,2.44,-1.15,88.07,42093,37071.31,BUSMA TRUCKING,700,68.4,25.65,48.46,842.51,36228.8,7/29/2025,Dummy packer settlement data for student testing
Seaboard,"Sioux Falls, SD",SET-20250718-1853154,1853154,7/18/2025,7/18/2025,Demo Producer B,Riverside,6674,LD-13574,NEGOTIATED,180,186,186,53660,288.49,211.45,73.3,84.75,1.38,2.69,-0.87,87.95,39330,34590.74,Dakota Hauling,725,74.4,27.9,101.51,928.81,33661.93,7/29/2025,Dummy packer settlement data for student testing
Smithfield,"Sioux Falls, SD",SET-20250718-1592624,1592624,7/18/2025,7/18/2025,Demo Producer B,Hejlik Finisher/Nursery Site,7467,LD-59616,LEAN,185,184,184,47480,258.04,190.52,73.83,84.54,-1.11,2.1,-1.48,84.05,35056,29464.57,Prairie Transport,700,73.6,27.6,25.55,826.75,28637.82,7/29/2025,Dummy packer settlement data for student testing
Smithfield,"Sioux Falls, SD",SET-20250718-1902623,1902623,7/18/2025,7/18/2025,Demo Producer A,Riverside,8503,LD-51851,CARCASS,187,187,187,51501,275.41,199.32,72.37,93.89,-0.69,2.16,-0.01,95.35,37273,35539.81,BUSMA TRUCKING,650,74.8,28.05,48.46,801.31,34738.5,7/29/2025,Dummy packer settlement data for student testing
Tyson (IBP),"Sioux Falls, SD",SET-20250718-1537632,1537632,7/18/2025,7/18/2025,Demo Producer A,Warbler Site,8125,LD-39654,LEAN,175,174,172,50425,289.8,217.86,75.18,80.98,1.12,2.28,-1.15,83.23,37472,31187.95,BUSMA TRUCKING,625,68.8,25.8,15.83,735.43,30452.52,7/29/2025,Dummy packer settlement data for student testing
Tyson (IBP),"Worthington, MN",SET-20250718-1593764,1593764,7/18/2025,7/18/2025,Demo Producer B,Riverside,9463,LD-70173,LEAN,181,179,177,55389,309.44,223.54,72.24,84.52,1.91,0.17,-0.02,86.58,39567,34257.11,Dakota Hauling,625,70.8,26.55,45.01,767.36,33489.75,7/23/2025,Dummy packer settlement data for student testing
JBS,"Waterloo, IA",SET-20250725-1467755,1467755,7/25/2025,7/24/2025,Demo Producer A,Summer Creek,6734,LD-76347,NEGOTIATED,162,158,157,51452,325.65,248.96,76.45,85.58,2.19,0.29,-0.77,87.29,39087,34119.04,BUSMA TRUCKING,700,62.8,23.55,48.25,834.6,33284.44,8/2/2025,Dummy packer settlement data for student testing
Smithfield,"Sioux Falls, SD",SET-20250725-1287198,1287198,7/25/2025,7/25/2025,Demo Producer B,Warbler Site,2097,LD-64303,NEGOTIATED,169,164,164,55256,336.93,257.91,76.55,80,3.15,0.13,-0.48,82.8,42297,35021.92,Tri-State Livestock,675,65.6,24.6,116.98,882.18,34139.74,7/30/2025,Dummy packer settlement data for student testing
Smithfield,"Waterloo, IA",SET-20250725-1699752,1699752,7/25/2025,7/24/2025,Demo Producer A,Summer Creek,9806,LD-60512,NEGOTIATED,182,182,182,47691,262.04,191.18,72.96,81.86,4.24,1.29,-0.42,86.97,34795,30261.21,Tri-State Livestock,675,72.8,27.3,117.01,892.11,29369.1,8/1/2025,Dummy packer settlement data for student testing
JBS,"Storm Lake, IA",SET-20250801-1212723,1212723,8/1/2025,7/31/2025,Demo Producer B,Warbler Site,2247,LD-91434,CARCASS,171,171,171,48512,283.7,212.86,75.03,81.07,-0.39,1.9,-0.6,81.98,36399,29839.9,BUSMA TRUCKING,625,68.4,25.65,84.61,803.66,29036.24,8/11/2025,Dummy packer settlement data for student testing
Smithfield,"Sioux Falls, SD",SET-20250801-1443829,1443829,8/1/2025,7/31/2025,Demo Producer B,Warbler Site,3007,LD-90978,LEAN,174,169,169,45995,272.16,199.79,73.41,86.81,-0.53,0.87,-0.64,86.51,33765,29210.1,BUSMA TRUCKING,725,67.6,25.35,85.17,903.12,28306.98,8/10/2025,Dummy packer settlement data for student testing
JBS,"Waterloo, IA",SET-20250808-1932040,1932040,8/8/2025,8/8/2025,Demo Producer B,Riverside,4149,LD-44219,CARCASS,178,176,176,48420,275.11,211.35,76.82,83.84,-0.85,0.44,-0.69,82.74,37198,30777.63,BUSMA TRUCKING,725,70.4,26.4,58.93,880.73,29896.9,8/13/2025,Dummy packer settlement data for student testing
Seaboard,"Sioux Falls, SD",SET-20250808-1500272,1500272,8/8/2025,8/8/2025,Demo Producer B,Warbler Site,2191,LD-77312,NEGOTIATED,173,168,168,47752,284.24,208.17,73.24,80.41,2.96,0.7,-0.09,83.98,34973,29370.33,Prairie Transport,725,67.2,25.2,127.3,944.7,28425.63,8/13/2025,Dummy packer settlement data for student testing
Seaboard,"Worthington, MN",SET-20250808-1422736,1422736,8/8/2025,8/7/2025,Demo Producer C,Riverside,9998,LD-31612,NEGOTIATED,180,182,182,51066,280.58,213.8,76.2,82.12,4.22,2.86,-1.02,88.18,38912,34312.6,Prairie Transport,675,72.8,27.3,106.05,881.15,33431.45,8/18/2025,Dummy packer settlement data for student testing
Smithfield,"Storm Lake, IA",SET-20250808-1392772,1392772,8/8/2025,8/8/2025,Demo Producer C,Warbler Site,5173,LD-91546,LEAN,184,187,185,45417,242.87,184.23,75.86,83.22,1.1,1.52,-1.34,84.5,34083,28800.13,Prairie Transport,675,74,27.75,147.81,924.56,27875.57,8/17/2025,Dummy packer settlement data for student testing
Tyson (IBP),"Waterloo, IA",SET-20250808-1296041,1296041,8/8/2025,8/8/2025,Demo Producer C,Riverside,1874,LD-29711,LEAN,175,179,178,48146,268.97,198.25,73.71,92.39,1.83,0.79,-0.83,94.18,35288,33234.24,BUSMA TRUCKING,700,71.2,26.7,146.74,944.64,32289.6,8/19/2025,Dummy packer settlement data for student testing
Seaboard,"Storm Lake, IA",SET-20250815-1252903,1252903,8/15/2025,8/14/2025,Demo Producer A,Hejlik Finisher/Nursery Site,3430,LD-70931,NEGOTIATED,188,187,187,48958,261.81,195.52,74.68,93.55,0.28,1.5,-1.12,94.21,36562,34445.06,Prairie Transport,700,74.8,28.05,117.64,920.49,33524.57,8/26/2025,Dummy packer settlement data for student testing
Seaboard,"Waterloo, IA",SET-20250815-1671591,1671591,8/15/2025,8/15/2025,Demo Producer C,Summer Creek,4493,LD-74100,NEGOTIATED,177,171,169,51646,302.02,231.47,76.64,83.95,4.01,2.21,-0.42,89.75,39118,35108.4,BUSMA TRUCKING,625,67.6,25.35,44.1,762.05,34346.35,8/25/2025,Dummy packer settlement data for student testing
Smithfield,"Waterloo, IA",SET-20250815-1383412,1383412,8/15/2025,8/14/2025,Demo Producer B,Summer Creek,5576,LD-10236,LEAN,166,160,158,54182,338.64,258.93,76.46,92.08,2.68,2.69,-0.18,97.27,40911,39794.13,Dakota Hauling,675,63.2,23.7,98.51,860.41,38933.72,8/21/2025,Dummy packer settlement data for student testing
Tyson (IBP),"Waterloo, IA",SET-20250815-1759301,1759301,8/15/2025,8/15/2025,Demo Producer A,Riverside,7308,LD-87915,LEAN,177,173,172,48280,279.08,208.48,74.7,81.23,1.32,1.42,-0.53,83.44,35859,29920.75,BUSMA TRUCKING,700,68.8,25.8,120.02,914.62,29006.13,8/21/2025,Dummy packer settlement data for student testing
Tyson (IBP),"Waterloo, IA",SET-20250815-1856931,1856931,8/15/2025,8/15/2025,Demo Producer C,Hejlik Finisher/Nursery Site,9261,LD-98800,CARCASS,187,189,189,55110,291.59,214.45,73.55,91.8,3.42,2.1,-0.05,97.27,40531,39424.5,Prairie Transport,700,75.6,28.35,67.16,871.11,38553.39,8/21/2025,Dummy packer settlement data for student testing
JBS,"Waterloo, IA",SET-20250822-1222629,1222629,8/22/2025,8/21/2025,Demo Producer C,Riverside,9642,LD-93388,NEGOTIATED,170,170,168,46486,273.45,207.69,75.95,80.93,-1.31,0.44,-0.84,79.22,34892,27641.44,Prairie Transport,625,67.2,25.2,10.45,727.85,26913.59,8/31/2025,Dummy packer settlement data for student testing
JBS,"Worthington, MN",SET-20250822-1883523,1883523,8/22/2025,8/22/2025,Demo Producer B,Summer Creek,9895,LD-40312,NEGOTIATED,189,190,188,49685,261.5,198.17,75.78,84.58,-0.1,1.17,-1.27,84.38,37256,31436.61,Tri-State Livestock,675,75.2,28.2,60.04,838.44,30598.17,9/1/2025,Dummy packer settlement data for student testing
Seaboard,"Worthington, MN",SET-20250822-1932197,1932197,8/22/2025,8/21/2025,Demo Producer B,Warbler Site,6842,LD-19092,CARCASS,177,173,173,54805,316.79,235.4,74.31,86.73,-0.95,2.26,-1.17,86.87,40724,35376.94,BUSMA TRUCKING,625,69.2,25.95,135.74,855.89,34521.05,8/31/2025,Dummy packer settlement data for student testing
Smithfield,"Storm Lake, IA",SET-20250822-1964590,1964590,8/22/2025,8/22/2025,Demo Producer A,Hejlik Finisher/Nursery Site,2556,LD-62797,CARCASS,166,167,167,50213,300.68,226.42,75.3,82.14,0.39,2.68,-1.22,83.99,37812,31758.3,Tri-State Livestock,625,66.8,25.05,127.22,844.07,30914.23,8/29/2025,Dummy packer settlement data for student testing
Smithfield,"Waterloo, IA",SET-20250822-1683955,1683955,8/22/2025,8/22/2025,Demo Producer B,Riverside,7762,LD-76685,NEGOTIATED,168,163,161,45557,279.49,213.41,76.36,86.37,3.76,1.8,-1.06,90.87,34359,31222.02,BUSMA TRUCKING,625,64.4,24.15,42.79,756.34,30465.68,8/27/2025,Dummy packer settlement data for student testing
Tyson (IBP),"Worthington, MN",SET-20250822-1793347,1793347,8/22/2025,8/21/2025,Demo Producer A,Warbler Site,1234,LD-98185,NEGOTIATED,164,161,159,54189,336.58,259.15,77,90.56,1.83,0.59,-1.04,91.94,41205,37883.88,BUSMA TRUCKING,625,63.6,23.85,54.74,767.19,37116.69,8/31/2025,Dummy packer settlement data for student testing
JBS,"Waterloo, IA",SET-20250829-1283079,1283079,8/29/2025,8/28/2025,Demo Producer B,Summer Creek,8966,LD-73979,CARCASS,189,184,182,54135,294.21,226.11,76.85,80.22,0.22,1.59,-0.77,81.26,41152,33440.12,BUSMA TRUCKING,675,72.8,27.3,125.88,900.98,32539.14,9/4/2025,Dummy packer settlement data for student testing
Smithfield,"Storm Lake, IA",SET-20250829-1207705,1207705,8/29/2025,8/28/2025,Demo Producer C,Warbler Site,2131,LD-37493,CARCASS,173,179,178,52389,292.68,218.42,74.63,91.18,4.45,2.11,-1.28,96.46,38879,37502.68,Dakota Hauling,725,71.2,26.7,46.48,869.38,36633.3,9/8/2025,Dummy packer settlement data for student testing
Smithfield,"Waterloo, IA",SET-20250829-1223583,1223583,8/29/2025,8/28/2025,Demo Producer C,Summer Creek,3506,LD-51915,CARCASS,163,161,160,46366,287.99,213.63,74.18,90.46,2.66,0.24,-0.81,92.55,34181,31634.52,Dakota Hauling,700,64,24,50.31,838.31,30796.21,9/4/2025,Dummy packer settlement data for student testing
Tyson (IBP),"Storm Lake, IA",SET-20250829-1523538,1523538,8/29/2025,8/29/2025,Demo Producer A,Summer Creek,1866,LD-57692,NEGOTIATED,174,173,172,49333,285.16,216.52,75.93,84.91,1.19,2.73,-1.03,87.8,37241,32697.6,Prairie Transport,675,68.8,25.8,7.48,777.08,31920.52,9/7/2025,Dummy packer settlement data for student testing
JBS,"Waterloo, IA",SET-20250905-1250005,1250005,9/5/2025,9/5/2025,Demo Producer A,Riverside,4245,LD-67488,NEGOTIATED,188,185,185,50131,270.98,196.43,72.49,84.48,0.9,1.52,-0.25,86.65,36340,31488.61,BUSMA TRUCKING,675,74,27.75,60.19,836.94,30651.67,9/15/2025,Dummy packer settlement data for student testing
JBS,"Waterloo, IA",SET-20250905-1982655,1982655,9/5/2025,9/4/2025,Demo Producer C,Warbler Site,4728,LD-54863,CARCASS,175,169,168,47879,283.31,216.34,76.36,86.27,4.04,0.05,-1.33,89.03,36345,32357.95,BUSMA TRUCKING,650,67.2,25.2,40.45,782.85,31575.1,9/14/2025,Dummy packer settlement data for student testing
Seaboard,"Sioux Falls, SD",SET-20250905-1342822,1342822,9/5/2025,9/4/2025,Demo Producer A,Hejlik Finisher/Nursery Site,8572,LD-30208,LEAN,179,179,177,51170,285.87,218.98,76.6,83.85,3.03,2.02,-1.34,87.56,38759,33937.38,Tri-State Livestock,700,70.8,26.55,14.79,812.14,33125.24,9/15/2025,Dummy packer settlement data for student testing
Seaboard,"Worthington, MN",SET-20250905-1952445,1952445,9/5/2025,9/5/2025,Demo Producer B,Warbler Site,9794,LD-87780,LEAN,164,161,161,55234,343.07,263.78,76.89,80.91,-0.3,2.86,-1.45,82.02,42469,34833.07,Tri-State Livestock,725,64.4,24.15,141.88,955.43,33877.64,9/12/2025,Dummy packer settlement data for student testing
Smithfield,"Storm Lake, IA",SET-20250905-1736903,1736903,9/5/2025,9/4/2025,Demo Producer B,Hejlik Finisher/Nursery Site,7346,LD-84901,NEGOTIATED,185,189,189,45071,238.47,176.4,73.97,91.71,3.73,0.35,-0.41,95.38,33340,31799.69,Dakota Hauling,725,75.6,28.35,106.42,935.37,30864.32,9/16/2025,Dummy packer settlement data for student testing
Smithfield,"Waterloo, IA",SET-20250905-1368026,1368026,9/5/2025,9/4/2025,Demo Producer C,Summer Creek,8517,LD-38173,LEAN,188,188,186,46635,248.06,178.78,72.07,90.05,1.67,0.53,-1.28,90.97,33253,30250.25,Prairie Transport,675,74.4,27.9,27.85,805.15,29445.1,9/12/2025,Dummy packer settlement data for student testing
Seaboard,"Storm Lake, IA",SET-20250919-1759054,1759054,9/19/2025,9/18/2025,Demo Producer C,Hejlik Finisher/Nursery Site,7790,LD-36781,NEGOTIATED,180,175,173,46867,267.81,205.2,76.62,88.73,2.02,1.11,-1.03,90.83,35500,32244.65,Tri-State Livestock,650,69.2,25.95,85.4,830.55,31414.1,9/30/2025,Dummy packer settlement data for student testing
Smithfield,"Sioux Falls, SD",SET-20250919-1758607,1758607,9/19/2025,9/18/2025,Demo Producer B,Summer Creek,8398,LD-98126,LEAN,173,177,176,55148,311.57,229.35,73.61,82.87,0.27,0.47,-1.18,82.43,40366,33273.69,BUSMA TRUCKING,650,70.4,26.4,119.72,866.52,32407.17,9/29/2025,Dummy packer settlement data for student testing
Smithfield,"Storm Lake, IA",SET-20250919-1592054,1592054,9/19/2025,9/18/2025,Demo Producer B,Hejlik Finisher/Nursery Site,1353,LD-36132,NEGOTIATED,165,168,166,51071,303.99,226.16,74.4,85.13,-0.67,1.84,-1.13,85.17,37543,31975.37,Tri-State Livestock,625,66.4,24.9,148.28,864.58,31110.79,9/24/2025,Dummy packer settlement data for student testing
Smithfield,"Storm Lake, IA",SET-20250919-1663750,1663750,9/19/2025,9/18/2025,Demo Producer A,Hejlik Finisher/Nursery Site,9945,LD-47642,NEGOTIATED,167,163,162,53276,326.85,235.46,72.04,84.72,-0.72,0.05,-0.74,83.31,38145,31778.6,Tri-State Livestock,625,64.8,24.3,146.95,861.05,30917.55,9/29/2025,Dummy packer settlement data for student testing
Smithfield,"Storm Lake, IA",SET-20250919-1827440,1827440,9/19/2025,9/18/2025,Demo Producer C,Warbler Site,9549,LD-43240,LEAN,170,167,165,45815,274.34,204.16,74.42,85.9,-1.99,2.37,-0.72,85.56,33686,28821.74,Tri-State Livestock,700,66,24.75,111.83,902.58,27919.16,9/29/2025,Dummy packer settlement data for student testing
Tyson (IBP),"Sioux Falls, SD",SET-20250919-1358885,1358885,9/19/2025,9/18/2025,Demo Producer B,Riverside,9480,LD-64092,CARCASS,163,158,157,55506,351.3,260.42,74.13,89.13,0.2,2.27,-0.73,90.87,40886,37153.11,Prairie Transport,625,62.8,23.55,60.17,771.52,36381.59,9/30/2025,Dummy packer settlement data for student testing
Tyson (IBP),"Waterloo, IA",SET-20250926-1225490,1225490,9/26/2025,9/26/2025,Demo Producer B,Warbler Site,1265,LD-41752,CARCASS,161,155,155,46006,296.81,223.05,75.15,93.65,4.24,1.76,-1.25,98.4,34573,34019.83,BUSMA TRUCKING,725,62,23.25,121.18,931.43,33088.4,10/2/2025,Dummy packer settlement data for student testing
Tyson (IBP),"Waterloo, IA",SET-20250926-1590237,1590237,9/26/2025,9/25/2025,Demo Producer B,Summer Creek,8706,LD-48283,CARCASS,162,163,161,49982,306.64,223.2,72.79,80.67,1.53,2.46,-0.31,84.35,35935,30311.17,Tri-State Livestock,725,64.4,24.15,74.19,887.74,29423.43,10/1/2025,Dummy packer settlement data for student testing
Tyson (IBP),"Worthington, MN",SET-20250926-1910362,1910362,9/26/2025,9/26/2025,Demo Producer C,Summer Creek,6963,LD-66341,CARCASS,186,188,188,52822,280.97,213.01,75.81,85.84,-1.69,1.88,-1.1,84.93,40046,34011.07,Prairie Transport,625,75.2,28.2,65.13,793.53,33217.54,10/2/2025,Dummy packer settlement data for student testing
JBS,"Waterloo, IA",SET-20251003-1967639,1967639,10/3/2025,10/2/2025,Demo Producer A,Riverside,5940,LD-86072,LEAN,188,187,185,47793,255.58,184.79,72.3,87.89,4.05,0.35,-0.31,91.98,34186,31444.28,Tri-State Livestock,725,74,27.75,55.28,882.03,30562.25,10/8/2025,Dummy packer settlement data for student testing
Seaboard,"Waterloo, IA",SET-20251003-1766721,1766721,10/3/2025,10/2/2025,Demo Producer B,Summer Creek,1815,LD-66680,NEGOTIATED,171,166,165,53502,322.3,232.91,72.26,89.91,-1.25,2,-0.04,90.62,38430,34825.27,Tri-State Livestock,650,66,24.75,31.26,772.01,34053.26,10/9/2025,Dummy packer settlement data for student testing
Seaboard,"Waterloo, IA",SET-20251003-1620153,1620153,10/3/2025,10/3/2025,Demo Producer C,Riverside,8357,LD-71098,NEGOTIATED,180,183,182,47673,260.51,196.69,75.5,83.66,1.3,2.18,-1.21,85.93,35798,30761.22,BUSMA TRUCKING,650,72.8,27.3,82.72,832.82,29928.4,10/8/2025,Dummy packer settlement data for student testing
Smithfield,"Storm Lake, IA",SET-20251003-1531200,1531200,10/3/2025,10/3/2025,Demo Producer B,Warbler Site,6078,LD-49260,CARCASS,176,180,179,50791,282.17,204.78,72.57,90.6,4.16,1.36,0,96.12,36656,35233.75,Tri-State Livestock,650,71.6,26.85,4.62,753.07,34480.68,10/8/2025,Dummy packer settlement data for student testing
Seaboard,"Storm Lake, IA",SET-20251010-1540053,1540053,10/10/2025,10/9/2025,Demo Producer C,Riverside,3214,LD-63174,CARCASS,183,179,177,50248,280.72,211.1,75.2,85.32,0.89,0.31,-1.01,85.51,37365,31950.81,Tri-State Livestock,675,70.8,26.55,111.25,883.6,31067.21,10/21/2025,Dummy packer settlement data for student testing
Seaboard,"Storm Lake, IA",SET-20251010-1748028,1748028,10/10/2025,10/9/2025,Demo Producer C,Riverside,5675,LD-94086,LEAN,168,170,170,54550,320.88,237.78,74.1,94.04,-1.15,2.19,-0.76,94.32,40423,38126.97,Tri-State Livestock,675,68,25.5,128.59,897.09,37229.88,10/20/2025,Dummy packer settlement data for student testing
JBS,"Waterloo, IA",SET-20251017-1204909,1204909,10/17/2025,10/17/2025,Demo Producer A,Hejlik Finisher/Nursery Site,4461,LD-72044,CARCASS,186,187,185,48565,259.71,189.87,73.11,82.47,3.76,1.04,-0.74,86.53,35126,30394.53,Dakota Hauling,650,74,27.75,70.91,822.66,29571.87,10/23/2025,Dummy packer settlement data for student testing
Smithfield,"Storm Lake, IA",SET-20251017-1736038,1736038,10/17/2025,10/17/2025,Demo Producer A,Riverside,3324,LD-58347,CARCASS,163,162,161,53417,329.73,250.28,75.9,89.3,1.53,0.62,-1.02,90.43,40295,36438.77,BUSMA TRUCKING,650,64.4,24.15,148.09,886.64,35552.13,10/23/2025,Dummy packer settlement data for student testing
JBS,"Storm Lake, IA",SET-20251024-1226084,1226084,10/24/2025,10/23/2025,Demo Producer A,Summer Creek,2393,LD-81560,CARCASS,184,188,186,49880,265.32,201.96,76.12,92.9,2.56,0.61,-1.17,94.9,37565,35649.18,Tri-State Livestock,725,74.4,27.9,134.98,962.28,34686.9,10/30/2025,Dummy packer settlement data for student testing
Seaboard,"Storm Lake, IA",SET-20251024-1327327,1327327,10/24/2025,10/23/2025,Demo Producer A,Warbler Site,6500,LD-77106,NEGOTIATED,185,190,190,45570,239.84,182.12,75.93,90.44,3.74,1.6,-1.25,94.53,34603,32710.22,Prairie Transport,675,76,28.5,67.86,847.36,31862.86,11/4/2025,Dummy packer settlement data for student testing
JBS,"Waterloo, IA",SET-20251031-1939592,1939592,10/31/2025,10/31/2025,Demo Producer C,Hejlik Finisher/Nursery Site,5218,LD-10447,NEGOTIATED,189,190,189,53170,279.84,208.07,74.35,87.68,-1,1.08,-1.08,86.68,39325,34086.91,BUSMA TRUCKING,650,75.6,28.35,98.14,852.09,33234.82,11/11/2025,Dummy packer settlement data for student testing
JBS,"Waterloo, IA",SET-20251031-1518113,1518113,10/31/2025,10/31/2025,Demo Producer A,Hejlik Finisher/Nursery Site,1338,LD-25811,LEAN,181,186,184,54856,294.92,213.63,72.44,81.37,3.6,2.64,-0.9,86.71,39308,34083.97,BUSMA TRUCKING,625,73.6,27.6,55.41,781.61,33302.36,11/9/2025,Dummy packer settlement data for student testing
Smithfield,"Storm Lake, IA",SET-20251031-1456485,1456485,10/31/2025,10/31/2025,Demo Producer B,Riverside,5625,LD-83461,LEAN,189,194,193,53415,275.34,211.01,76.64,88.13,-0.81,1.31,-0.16,88.47,40725,36029.41,BUSMA TRUCKING,725,77.2,28.95,44.43,875.58,35153.83,11/10/2025,Dummy packer settlement data for student testing
Smithfield,"Waterloo, IA",SET-20251031-1523481,1523481,10/31/2025,10/31/2025,Demo Producer C,Riverside,7844,LD-12737,LEAN,184,189,189,46566,246.38,186.99,75.89,84.62,2.17,0,-1.12,85.67,35341,30276.63,Prairie Transport,675,75.6,28.35,145.56,924.51,29352.12,11/6/2025,Dummy packer settlement data for student testing
Smithfield,"Waterloo, IA",SET-20251031-1422437,1422437,10/31/2025,10/31/2025,Demo Producer A,Summer Creek,7635,LD-84866,CARCASS,185,188,187,53360,283.83,210.39,74.13,91.3,-1.99,1.9,-1.39,89.82,39343,35337.88,Tri-State Livestock,700,74.8,28.05,4.97,807.82,34530.06,11/7/2025,Dummy packer settlement data for student testing
Seaboard,"Waterloo, IA",SET-20251107-1320854,1320854,11/7/2025,11/6/2025,Demo Producer B,Warbler Site,5735,LD-60961,LEAN,166,160,159,45086,281.79,215.64,76.53,88.93,3.42,2.02,-0.48,93.89,34287,32192.06,Prairie Transport,650,63.6,23.85,143.3,880.75,31311.31,11/18/2025,Dummy packer settlement data for student testing
Smithfield,"Waterloo, IA",SET-20251107-1508990,1508990,11/7/2025,11/7/2025,Demo Producer C,Summer Creek,9115,LD-37808,LEAN,177,171,169,48520,283.74,211.64,74.59,84.91,-1.81,1.7,-1.18,83.62,35767,29908.37,BUSMA TRUCKING,625,67.6,25.35,88.55,806.5,29101.87,11/17/2025,Dummy packer settlement data for student testing
Tyson (IBP),"Worthington, MN",SET-20251107-1221815,1221815,11/7/2025,11/6/2025,Demo Producer A,Summer Creek,7577,LD-35484,NEGOTIATED,185,185,183,48013,259.53,195.3,75.25,88.93,2.76,0.18,-0.38,91.49,35740,32698.53,BUSMA TRUCKING,725,73.2,27.45,90.53,916.18,31782.35,11/17/2025,Dummy packer settlement data for student testing
Smithfield,"Sioux Falls, SD",SET-20251114-1925774,1925774,11/14/2025,11/13/2025,Demo Producer B,Warbler Site,1688,LD-65243,CARCASS,170,176,175,47576,270.32,196.14,72.56,84.76,0.3,0.57,0,85.63,34324,29391.64,BUSMA TRUCKING,675,70,26.25,21.86,793.11,28598.53,11/22/2025,Dummy packer settlement data for student testing
Smithfield,"Sioux Falls, SD",SET-20251114-1766075,1766075,11/14/2025,11/13/2025,Demo Producer C,Warbler Site,5780,LD-86269,CARCASS,163,161,159,45224,280.89,202.24,72,89.98,4.14,1.32,-0.79,94.65,32156,30435.65,Dakota Hauling,725,63.6,23.85,3.27,815.72,29619.93,11/25/2025,Dummy packer settlement data for student testing
Tyson (IBP),"Worthington, MN",SET-20251114-1807295,1807295,11/14/2025,11/13/2025,Demo Producer B,Riverside,3145,LD-93292,CARCASS,160,154,154,51909,337.07,245.12,72.72,85.57,-0.16,1.45,-1.24,85.62,37748,32319.84,Prairie Transport,675,61.6,23.1,44.61,804.31,31515.53,11/19/2025,Dummy packer settlement data for student testing
Seaboard,"Sioux Falls, SD",SET-20251121-1334558,1334558,11/21/2025,11/21/2025,Demo Producer A,Riverside,2756,LD-84511,NEGOTIATED,176,181,181,49273,272.23,200.45,73.63,88.22,-1.94,2.11,-1.01,87.38,36281,31702.34,BUSMA TRUCKING,725,72.4,27.15,8.35,832.9,30869.44,12/1/2025,Dummy packer settlement data for student testing
Seaboard,"Worthington, MN",SET-20251121-1545707,1545707,11/21/2025,11/21/2025,Demo Producer C,Summer Creek,6328,LD-87488,CARCASS,184,189,189,50104,265.1,201.33,75.94,81.02,0.73,0.97,-1.36,81.36,38051,30958.29,BUSMA TRUCKING,700,75.6,28.35,87.97,891.92,30066.37,12/1/2025,Dummy packer settlement data for student testing
Tyson (IBP),"Storm Lake, IA",SET-20251121-1501070,1501070,11/21/2025,11/20/2025,Demo Producer A,Summer Creek,3707,LD-62026,LEAN,174,175,174,54754,312.88,240.31,76.81,87.95,-2.2,2.79,-0.96,87.58,41814,36620.7,Dakota Hauling,700,69.6,26.1,39.72,835.42,35785.28,11/26/2025,Dummy packer settlement data for student testing
Smithfield,"Worthington, MN",SET-20251128-1278989,1278989,11/28/2025,11/28/2025,Demo Producer B,Summer Creek,1630,LD-31856,NEGOTIATED,162,157,155,48550,309.24,230.76,74.62,88.04,3.12,2.44,-1.19,92.41,35768,33053.21,Prairie Transport,675,62,23.25,14.92,775.17,32278.04,12/6/2025,Dummy packer settlement data for student testing
Tyson (IBP),"Worthington, MN",SET-20251128-1389636,1389636,11/28/2025,11/28/2025,Demo Producer A,Summer Creek,1537,LD-37692,CARCASS,183,185,184,55970,302.54,218.07,72.08,87.92,3.58,0.99,-0.91,91.58,40125,36746.47,BUSMA TRUCKING,675,73.6,27.6,100.85,877.05,35869.42,12/3/2025,Dummy packer settlement data for student testing
JBS,"Sioux Falls, SD",SET-20251205-1248317,1248317,12/5/2025,12/5/2025,Demo Producer C,Warbler Site,9504,LD-15437,LEAN,174,177,177,45257,255.69,190.08,74.34,83.07,0.94,1.12,-0.78,84.35,33644,28378.71,Tri-State Livestock,675,70.8,26.55,41.48,813.83,27564.88,12/10/2025,Dummy packer settlement data for student testing
JBS,"Waterloo, IA",SET-20251205-1614410,1614410,12/5/2025,12/5/2025,Demo Producer A,Hejlik Finisher/Nursery Site,1817,LD-93929,CARCASS,173,171,170,46679,272.98,208.52,76.39,81.63,-0.56,1.79,-0.1,82.76,35448,29336.76,Tri-State Livestock,700,68,25.5,134.87,928.37,28408.39,12/10/2025,Dummy packer settlement data for student testing
JBS,"Worthington, MN",SET-20251205-1701194,1701194,12/5/2025,12/5/2025,Demo Producer B,Summer Creek,9446,LD-80341,CARCASS,188,185,184,52196,282.14,205.53,72.85,85.32,1.73,1.69,-0.56,88.18,37818,33347.91,Dakota Hauling,725,73.6,27.6,96.6,922.8,32425.11,12/16/2025,Dummy packer settlement data for student testing
Smithfield,"Waterloo, IA",SET-20251205-1456930,1456930,12/5/2025,12/5/2025,Demo Producer C,Summer Creek,6707,LD-75773,NEGOTIATED,183,189,188,53490,283.02,206.85,73.09,87.92,0.56,2.26,-1.05,89.69,38888,34878.65,BUSMA TRUCKING,625,75.2,28.2,104.65,833.05,34045.6,12/14/2025,Dummy packer settlement data for student testing
Smithfield,"Waterloo, IA",SET-20251205-1651021,1651021,12/5/2025,12/5/2025,Demo Producer A,Hejlik Finisher/Nursery Site,8120,LD-96454,CARCASS,186,192,190,53766,280.03,214.51,76.6,89.21,-1.76,1.61,-1.15,87.91,40757,35829.48,Prairie Transport,650,76,28.5,135.08,889.58,34939.9,12/13/2025,Dummy packer settlement data for student testing
Tyson (IBP),"Waterloo, IA",SET-20251205-1863698,1863698,12/5/2025,12/5/2025,Demo Producer A,Hejlik Finisher/Nursery Site,9762,LD-76149,NEGOTIATED,165,160,158,51397,321.23,246.74,76.81,92.39,-1.95,0.95,-1.43,89.96,38985,35070.91,Dakota Hauling,700,63.2,23.7,106.06,892.96,34177.95,12/11/2025,Dummy packer settlement data for student testing
Seaboard,"Sioux Falls, SD",SET-20251212-1744713,1744713,12/12/2025,12/12/2025,Demo Producer B,Riverside,3817,LD-86706,CARCASS,181,183,181,47356,258.78,197.39,76.28,81.31,2.98,0.98,-0.81,84.46,35728,30175.87,Prairie Transport,700,72.4,27.15,68.74,868.29,29307.58,12/23/2025,Dummy packer settlement data for student testing
Seaboard,"Storm Lake, IA",SET-20251212-1623261,1623261,12/12/2025,12/12/2025,Demo Producer B,Warbler Site,6354,LD-14181,NEGOTIATED,182,188,187,50096,266.47,198.2,74.38,91.95,2.52,0.44,-0.51,94.4,37063,34987.47,Tri-State Livestock,650,74.8,28.05,74.4,827.25,34160.22,12/21/2025,Dummy packer settlement data for student testing
Seaboard,"Worthington, MN",SET-20251212-1819680,1819680,12/12/2025,12/11/2025,Demo Producer B,Summer Creek,2676,LD-71001,CARCASS,176,175,175,46907,268.04,199.3,74.35,90.44,-1.53,1.52,-0.85,89.58,34878,31243.71,Dakota Hauling,725,70,26.25,54.14,875.39,30368.32,12/22/2025,Dummy packer settlement data for student testing
Smithfield,"Storm Lake, IA",SET-20251212-1256128,1256128,12/12/2025,12/11/2025,Demo Producer B,Riverside,7616,LD-15877,CARCASS,174,177,175,45604,257.65,191.53,74.34,92.52,2.4,2.9,-0.14,97.68,33518,32740.38,Tri-State Livestock,625,70,26.25,4.79,726.04,32014.34,12/23/2025,Dummy packer settlement data for student testing
JBS,"Sioux Falls, SD",SET-20251219-1536312,1536312,12/19/2025,12/18/2025,Demo Producer A,Summer Creek,6016,LD-90938,NEGOTIATED,163,158,157,45141,285.7,206.95,72.44,93.26,-1.81,0.61,-1.17,90.89,32491,29531.07,Prairie Transport,725,62.8,23.55,136.95,948.3,28582.77,12/24/2025,Dummy packer settlement data for student testing
JBS,"Worthington, MN",SET-20251219-1330095,1330095,12/19/2025,12/19/2025,Demo Producer C,Hejlik Finisher/Nursery Site,8765,LD-55393,CARCASS,178,176,174,45819,260.34,196.73,75.57,85.67,0.93,0.46,-1.49,85.57,34231,29291.47,Dakota Hauling,725,69.6,26.1,67.77,888.47,28403,12/30/2025,Dummy packer settlement data for student testing
Seaboard,"Storm Lake, IA",SET-20251219-1910425,1910425,12/19/2025,12/19/2025,Demo Producer A,Warbler Site,6517,LD-36002,LEAN,179,174,172,46290,266.03,198.97,74.79,88.34,3.38,1.28,-0.94,92.06,34223,31505.69,BUSMA TRUCKING,675,68.8,25.8,119.87,889.47,30616.22,12/24/2025,Dummy packer settlement data for student testing
Seaboard,"Storm Lake, IA",SET-20251219-1539623,1539623,12/19/2025,12/19/2025,Demo Producer A,Riverside,9557,LD-85230,LEAN,171,176,176,49422,280.81,205.48,73.17,89.52,2.87,0.98,-0.78,92.59,36164,33484.25,Tri-State Livestock,700,70.4,26.4,147.49,944.29,32539.96,12/30/2025,Dummy packer settlement data for student testing
Tyson (IBP),"Sioux Falls, SD",SET-20251219-1851840,1851840,12/19/2025,12/19/2025,Demo Producer C,Summer Creek,6982,LD-53498,NEGOTIATED,179,174,174,52870,303.85,232.32,76.46,84.33,-1.6,0.05,-1.24,81.54,40424,32961.73,Dakota Hauling,725,69.6,26.1,91.4,912.1,32049.63,12/27/2025,Dummy packer settlement data for student testing
